{
  "project_info": {
    "project_number": "974418875759",
    "project_id": "wbt-project-2a2ba",
    "storage_bucket": "wbt-project-2a2ba.appspot.com"
  },
  "client": [
    {
      "client_info": {
        "mobilesdk_app_id": "1:974418875759:android:9c87141d12baf0ff11049a",
        "android_client_info": {
          "package_name": "com.android.inducedemotions"
        }
      },
      "oauth_client": [
        {
          "client_id": "974418875759-e2aruc8u3iov1qulrqfiv349em6nehau.apps.googleusercontent.com",
          "client_type": 3
        }
      ],
      "api_key": [
        {
          "current_key": "AIzaSyCgvfnygRLbeBBEtjr5Vx7wou61DR-sAag"
        }
      ],
      "services": {
        "appinvite_service": {
          "other_platform_oauth_client": [
            {
              "client_id": "974418875759-e2aruc8u3iov1qulrqfiv349em6nehau.apps.googleusercontent.com",
              "client_type": 3
            }
          ]
        }
      }
    }
  ],
  "configuration_version": "1"
}